{"Canal St & 3rd Avenue": [40.7236548, -73.9852944], "Canal St & Lafayette St": [40.7184327, -74.00054709999999], "Canal St & Broadway": [40.7213771, -74.00463309999999], "Canal St & Mercer St": [40.7199063, -74.0026029], "Canal St & Wooster St": [40.7208719, -74.0039264], "Canal St & Thompson St": [40.7216911, -74.0050864], "Canal St & Sullivan St": [40.7223167, -74.00588069999999], "Canal St & Macdougal St": ["Not in Manhattan ", "Not in Manhattan"], "Grand St & 3rd Avenue": ["Not in Manhattan ", "Not in Manhattan"], "Grand St & Lafayette St": [40.7200506, -73.9990675], "Grand St & Broadway": [40.7208716, -74.00063349999999], "Grand St & Mercer St": [40.7212605, -74.0014508], "Grand St & Wooster St": [40.72199639999999, -74.0029816], "Grand St & Thompson St": [40.7227218, -74.00445069999999], "Grand St & Sullivan St": [40.72303549999999, -74.0052683], "Grand St & Macdougal St": ["Not found", "Not found"], "Broome St & 3rd Avenue": ["Not found", "Not found"], "Broome St & Lafayette St": [40.72106489999999, -73.9981876], "Broome St & Broadway": [40.7217896, -73.9998669], "Broome St & Mercer St": [40.72218120000001, -74.0006571], "Broome St & Wooster St": [40.7229299, -74.0021707], "Broome St & Thompson St": [40.7236854, -74.0036405], "Broome St & Sullivan St": [40.7240593, -74.00438640000002], "Broome St & Macdougal St": ["Not in Manhattan ", "Not in Manhattan"], "Spring St & 3rd Avenue": ["Not in Manhattan ", "Not in Manhattan"], "Spring St & Lafayette St": [40.7223208, -73.9971608], "Spring St & Broadway": [40.7230414, -73.99878609999999], "Spring St & Mercer St": [40.72342099999999, -73.9996026], "Spring St & Wooster St": [40.7241796, -74.0011327], "Spring St & Thompson St": [40.7248988, -74.0026214], "Spring St & Sullivan St": [40.7252622, -74.0033799], "Spring St & Macdougal St": ["Not found", "Not found"], "Prince St & 3rd Avenue": ["Not found", "Not found"], "Prince St & Lafayette St": [40.7236843, -73.99646849999999], "Prince St & Broadway": [40.7242289, -73.9977901], "Prince St & Mercer St": [40.72463339999999, -73.9985916], "Prince St & Wooster St": [40.7253773, -74.00011549999999], "Prince St & Thompson St": [40.7261224, -74.00161], "Prince St & Sullivan St": [40.7265019, -74.00236919999999], "Prince St & Macdougal St": [40.7268889, -74.00312939999999], "W Houston St & 3rd Avenue": ["Not in Manhattan ", "Not in Manhattan"], "W Houston St & Lafayette St": [40.72514779999999, -73.99526949999999], "W Houston St & Broadway": [40.7253796, -73.9968145], "W Houston St & Mercer St": [40.7257515, -73.9976728], "W Houston St & Wooster St": [40.7264925, -73.9991735], "W Houston St & Thompson St": [40.7272456, -74.0006983], "W Houston St & Sullivan St": [40.7277202, -74.00135279999999], "W Houston St & Macdougal St": [40.7280901, -74.00211449999999], "Bleecker St & 3rd Avenue": ["Not found", "Not found"], "Bleecker St & Lafayette St": [40.7259294, -73.99464060000001], "Bleecker St & Broadway": [40.726529, -73.99586099999999], "Bleecker St & Mercer St": [40.7269325, -73.99667640000001], "Bleecker St & Wooster St": [40.7276785, -73.998173], "Bleecker St & Thompson St": [40.7284387, -73.9996714], "Bleecker St & Sullivan St": [40.7288134, -74.00043099999999], "Bleecker St & Macdougal St": [40.729187, -74.00119029999999], "3rd St & 3rd Avenue": ["Not in Manhattan ", "Not in Manhattan"], "3rd St & Lafayette St": ["Not in Manhattan ", "Not in Manhattan"], "3rd St & Broadway": [40.727835, -73.9947559], "3rd St & Mercer St": [40.7281978, -73.9956035], "3rd St & Wooster St": ["Not found", "Not found"], "3rd St & Thompson St": [40.7297009, -73.9986143], "3rd St & Sullivan St": [40.7300747, -73.99938019999999], "3rd St & Macdougal St": [40.73044489999999, -74.0001351], "4th St & 3rd Avenue": ["Not in Manhattan ", "Not in Manhattan"], "4th St & Lafayette St": [40.7278625, -73.9931345], "4th St & Broadway": [40.7284285, -73.9942583], "4th St & Mercer St": [40.7288188, -73.9950684], "4th St & Wooster St": ["Not found", "Not found"], "4th St & Thompson St": ["Not in Manhattan ", "Not in Manhattan"], "4th St & Sullivan St": ["Not in Manhattan ", "Not in Manhattan"], "4th St & Macdougal St": [40.7310465, -73.9996201], "Washington PI St & 3rd Avenue": ["Not found", "Not found"], "Washington PI St & Lafayette St": ["Not found", "Not found"], "Washington PI St & Broadway": ["Not found", "Not found"], "Washington PI St & Mercer St": ["Not found", "Not found"], "Washington PI St & Wooster St": ["Not found", "Not found"], "Washington PI St & Thompson St": ["Not found", "Not found"], "Washington PI St & Sullivan St": ["Not found", "Not found"], "Washington PI St & Macdougal St": ["Not found", "Not found"], "Waverly PI St & 3rd Avenue": ["Not found", "Not found"], "Waverly PI St & Lafayette St": ["Not found", "Not found"], "Waverly PI St & Broadway": [40.7295952, -73.99327], "Waverly PI St & Mercer St": [40.7299926, -73.99408], "Waverly PI St & Wooster St": ["Not found", "Not found"], "Waverly PI St & Thompson St": ["Not found", "Not found"], "Waverly PI St & Sullivan St": ["Not found", "Not found"], "Waverly PI St & Macdougal St": [40.7322213, -73.9986277], "8th St & 3rd Avenue": [40.7295535, -73.9899172], "8th St & Lafayette St": [40.7300573, -73.9911175], "8th St & Broadway": [40.7305773, -73.9924238], "8th St & Mercer St": [40.7309225, -73.9932753], "8th St & Wooster St": ["Not found", "Not found"], "8th St & Thompson St": ["Not in Manhattan ", "Not in Manhattan"], "8th St & Sullivan St": ["Not in Manhattan ", "Not in Manhattan"], "8th St & Macdougal St": [40.73295239999999, -73.99800499999999], "9th St & 3rd Avenue": [40.7301174, -73.9894735], "9th St & Lafayette St": [40.730376, -73.99007329999999], "9th St & Broadway": [40.7311726, -73.9919268], "9th St & Mercer St": ["Not in Manhattan ", "Not in Manhattan"], "9th St & Wooster St": [40.734161, -73.9987945], "9th St & Thompson St": ["Not in Manhattan ", "Not in Manhattan"], "9th St & Sullivan St": ["Not in Manhattan ", "Not in Manhattan"], "9th St & Macdougal St": [40.734161, -73.9987945], "10th St & 3rd Avenue": [40.73071729999999, -73.98906099999999], "10th St & Lafayette St": ["Not in Manhattan ", "Not in Manhattan"], "10th St & Broadway": [40.7317192, -73.9914682], "10th St & Mercer St": ["Not in Manhattan ", "Not in Manhattan"], "10th St & Wooster St": ["Not found", "Not found"], "10th St & Thompson St": ["Not in Manhattan ", "Not in Manhattan"], "10th St & Sullivan St": ["Not in Manhattan ", "Not in Manhattan"], "10th St & Macdougal St": ["Not found", "Not found"], "11th St & 3rd Avenue": [40.7313232, -73.98861769999999], "11th St & Lafayette St": ["Not in Manhattan ", "Not in Manhattan"], "11th St & Broadway": [40.73244589999999, -73.991281], "11th St & Mercer St": ["Not in Manhattan ", "Not in Manhattan"], "11th St & Wooster St": ["Not in Manhattan ", "Not in Manhattan"], "11th St & Thompson St": ["Not in Manhattan ", "Not in Manhattan"], "11th St & Sullivan St": ["Not in Manhattan ", "Not in Manhattan"], "11th St & Macdougal St": ["Not in Manhattan ", "Not in Manhattan"], "12th St & 3rd Avenue": [40.73197529999999, -73.9881577], "12th St & Lafayette St": [40.713629, -74.003605], "12th St & Broadway": [40.733201, -73.9911174], "12th St & Mercer St": ["Not in Manhattan ", "Not in Manhattan"], "12th St & Wooster St": ["Not in Manhattan ", "Not in Manhattan"], "12th St & Thompson St": ["Not in Manhattan ", "Not in Manhattan"], "12th St & Sullivan St": ["Not in Manhattan ", "Not in Manhattan"], "12th St & Macdougal St": ["Not in Manhattan ", "Not in Manhattan"], "13th St & 3rd Avenue": [40.7326097, -73.9876848], "13th St & Lafayette St": ["Not in Manhattan ", "Not in Manhattan"], "13th St & Broadway": [40.7339857, -73.9909365], "13th St & Mercer St": ["Not in Manhattan ", "Not in Manhattan"], "13th St & Wooster St": ["Not found", "Not found"], "13th St & Thompson St": ["Not found", "Not found"], "13th St & Sullivan St": ["Not in Manhattan ", "Not in Manhattan"], "13th St & Macdougal St": ["Not found", "Not found"],